pay_request_type,merchant_code,brand_code,product_amount,transaction_amount,brand_cashback,cashback_type,subvention_type,bank_code,emi_duration,emi_rate,business_name,state,request_date
BRANDEMI,H5J07,SAMSUNG,49999,43000,7000,INSTANT,DEFERRED,HDFL,3,20,MOBILE JUNCTION,BIHAR,15-Jun-23
BRANDEMI,FC144,SAMSUNG,50000,42500,7000,INSTANT,DEFERRED,HDFL,3,20,IMMIES PHONE WORLD,KARNATAKA,15-Jun-23
BRANDEMI,E8AL3,SAMSUNG,29999,27000,3000,INSTANT,DEFERRED,HDFL,3,20,CELL SPOT,CHATTISGARH,15-Jun-23
BRANDEMI,FTUH6,SAMSUNG,37500,30500,7000,INSTANT,DEFERRED,HDFL,3,20,TELEWORLD MOBILES PRIVATE LIMITED,DELHI,15-Jun-23
BRANDEMI,EZMW1,SAMSUNG,49999,43000,7000,INSTANT,DEFERRED,HDFL,3,20,ANJLI TELICOM NEHTOR,UTTAR PRADESH,15-Jun-23
BRANDEMI,IGEI7,SAMSUNG,30000,27000,3000,INSTANT,DEFERRED,HDFL,3,20,VASISHT RETAIL,ANDHRA PRADESH,15-Jun-23
BRANDEMI,GWDF5,SAMSUNG,26000,23000,3000,INSTANT,DEFERRED,HDFL,3,20,KUMAR ENTERPRISES,ANDHRA PRADESH,15-Jun-23
BRANDEMI,FSO76,SAMSUNG,29999,27000,3000,INSTANT,DEFERRED,HDFL,3,20,Morya Mobile,MAHARASHTRA,15-Jun-23
BRANDEMI,FAP46,SAMSUNG,30000,27000,3000,INSTANT,DEFERRED,HDFL,3,20,ABM SALES CORPORATION,WEST BENGAL,15-Jun-23
BRANDEMI,E99K9,SAMSUNG,30000,27000,3000,INSTANT,DEFERRED,HDFL,3,20,NEW CELL WORLD(SAM),WEST BENGAL,15-Jun-23
BRANDEMI,E2TM6,SAMSUNG,38000,31000,7000,INSTANT,DEFERRED,HDFL,3,20,PANKAJ PHONE POINT,RAJASTHAN,15-Jun-23
BRANDEMI,E9CN7,SAMSUNG,15000,13000,2000,INSTANT,DEFERRED,HDFL,3,20,BHAJANLAL COMMERCIAL PVT LTD ROWDON,WEST BENGAL,15-Jun-23
BRANDEMI,E3NF8,SAMSUNG,37499,30500,7000,INSTANT,DEFERRED,HDFL,3,20,PATEL ELECTRONICS,UTTAR PRADESH,16-Jun-23
BRANDEMI,I1YH1,SAMSUNG,26000,23000,3000,INSTANT,DEFERRED,HDFL,3,20,YASH MOBILES,HARYANA,16-Jun-23
BRANDEMI,HEDK4,SAMSUNG,50999,44000,7000,INSTANT,DEFERRED,HDFL,3,20,GUPTA BROTHERS,UTTAR PRADESH,16-Jun-23
BRANDEMI,E49Z7,SAMSUNG,15000,13000,2000,INSTANT,DEFERRED,HDFL,3,20,SHREE INFOTECH CHILD1,UTTAR PRADESH,16-Jun-23
BRANDEMI,EZDS4,SAMSUNG,19999,18000,2000,INSTANT,DEFERRED,HDFL,3,20,NAZAR DISH SERVICE CENTRE,UTTAR PRADESH,16-Jun-23
BRANDEMI,EYBW5,SAMSUNG,40000,33000,7000,INSTANT,DEFERRED,HDFL,3,20,MOBILEMANIA,MAHARASHTRA,16-Jun-23
BRANDEMI,HPX69,SAMSUNG,16800,15000,2000,INSTANT,DEFERRED,HDFL,3,20,XTRAAA SALES,HARYANA,16-Jun-23
BRANDEMI,HPX69,SAMSUNG,16800,15000,2000,INSTANT,DEFERRED,HDFL,3,20,XTRAAA SALES,HARYANA,16-Jun-23
BRANDEMI,E6W86,SAMSUNG,49999,43000,7000,INSTANT,DEFERRED,HDFL,3,20,B S TELECOM,PUNJAB,16-Jun-23
BRANDEMI,HN2J6,SAMSUNG,15000,13000,2000,INSTANT,DEFERRED,HDFL,3,20,ABHISHEK VEERESH JAMBIGI,KARNATAKA,16-Jun-23
BRANDEMI,E2SR5,SAMSUNG,19800,18000,2000,INSTANT,DEFERRED,HDFL,3,20,GEM COMMUNICATION,RAJASTHAN,16-Jun-23
BRANDEMI,EZLG3,SAMSUNG,51250,44250,7000,INSTANT,DEFERRED,HDFL,3,20,GAURAV CELL POINT,UTTAR PRADESH,16-Jun-23
BRANDEMI,E1566,SAMSUNG,20500,18500,2000,INSTANT,DEFERRED,HDFL,3,20,SHREE GANESH MOBILES,TELANGANA,17-Jun-23
BRANDEMI,I25Z9,SAMSUNG,19999,18000,2000,INSTANT,DEFERRED,HDFL,3,20,GALAXY MOBILES,TAMIL NADU,17-Jun-23
BRANDEMI,HN5X9,SAMSUNG,28000,25000,3000,INSTANT,DEFERRED,HDFL,3,20,OM SAI TELECOM,RAJASTHAN,17-Jun-23
BRANDEMI,H7NR4,SAMSUNG,29999,27000,3000,INSTANT,DEFERRED,HDFL,3,20,LUCKY TRADERS,MADHYA PRADESH,17-Jun-23
BRANDEMI,FQCP8,SAMSUNG,38000,31000,7000,INSTANT,DEFERRED,HDFL,3,20,BANSAL COMMUNICATION,RAJASTHAN,17-Jun-23
BRANDEMI,FKZO3,SAMSUNG,29999,27000,3000,INSTANT,DEFERRED,HDFL,3,20,UNIVERSAL RETAIL,TAMIL NADU,17-Jun-23
BRANDEMI,FA1S6,SAMSUNG,49999,43000,7000,INSTANT,DEFERRED,HDFL,3,20,RAJA ENTERPRISE NBP,WEST BENGAL,17-Jun-23
BRANDEMI,E6MK5,SAMSUNG,13499,11500,2000,INSTANT,DEFERRED,HDFL,3,20,RAJASTHAN TELECOM,RAJASTHAN,17-Jun-23
BRANDEMI,FFBX9,SAMSUNG,20000,15000,5000,INSTANT,DEFERRED,HDFL,3,20,SHEIKH ELECTRONICS BARAMULLA,JAMMU AND KASHMIR,17-Jun-23
BRANDEMI,GZBK5,SAMSUNG,26000,23000,3000,INSTANT,DEFERRED,HDFL,3,20,HARSH TELECOM,HARYANA,17-Jun-23
BRANDEMI,FA2Q3,SAMSUNG,30000,27000,3000,INSTANT,DEFERRED,HDFL,3,20,AKARSHON,WEST BENGAL,17-Jun-23
BRANDEMI,E6TL9,SAMSUNG,49999,43000,7000,INSTANT,DEFERRED,HDFL,3,20,SAI MARKETING,ANDHRA PRADESH,17-Jun-23
BRANDEMI,E3353,SAMSUNG,26000,23000,3000,INSTANT,DEFERRED,HDFL,3,20,KAPOOR GIFT,RAJASTHAN,17-Jun-23
BRANDEMI,FHAH9,SAMSUNG,37499,30500,7000,INSTANT,DEFERRED,HDFL,3,20,MAA LAXMI MOBILE STATION,UTTAR PRADESH,17-Jun-23
BRANDEMI,FG8B3,SAMSUNG,49999,43000,7000,INSTANT,DEFERRED,HDFL,3,20,DEEP MOBILE,HARYANA,17-Jun-23
BRANDEMI,EY632,SAMSUNG,30000,27000,3000,INSTANT,DEFERRED,HDFL,3,20,SAHELI COLLECTION,MAHARASHTRA,17-Jun-23
BRANDEMI,EZX23,SAMSUNG,37500,30500,7000,INSTANT,DEFERRED,HDFL,3,20,INFINITI ENTERPRISES,UTTARAKHAND,17-Jun-23
BRANDEMI,H9PB2,SAMSUNG,40000,33000,7000,INSTANT,DEFERRED,HDFL,3,20,PHONORANGE PVT LTD  Gandhi Bazaar,KARNATAKA,17-Jun-23
BRANDEMI,I26T3,SAMSUNG,49000,42000,7000,INSTANT,DEFERRED,HDFL,3,20,EXCLUSIVE MOBILE,HARYANA,17-Jun-23
BRANDEMI,E89B3,SAMSUNG,27999,25000,3000,INSTANT,DEFERRED,HDFL,3,20,"MY MOBILE, CHHINDWARA",MADHYA PRADESH,17-Jun-23
BRANDEMI,E6243,SAMSUNG,51499,44500,7000,INSTANT,DEFERRED,HDFL,3,20,MAHADEV KASETS,RAJASTHAN,18-Jun-23
BRANDEMI,IMP97,SAMSUNG,15000,13000,2000,INSTANT,DEFERRED,HDFL,3,20,VAANYA VENTURES,MADHYA PRADESH,18-Jun-23
BRANDEMI,FE1X3,SAMSUNG,39100,32000,7000,INSTANT,DEFERRED,HDFL,3,20,SELECTION MOBILE,MAHARASHTRA,18-Jun-23
BRANDEMI,E3SB3,SAMSUNG,38000,31000,7000,INSTANT,DEFERRED,HDFL,3,20,S B D MOBILE STORE,UTTAR PRADESH,18-Jun-23
BRANDEMI,FCQ24,SAMSUNG,30000,27000,3000,INSTANT,DEFERRED,HDFL,3,20,MOBILE PARK,KARNATAKA,18-Jun-23
BRANDEMI,E7H31,SAMSUNG,17000,15000,2000,INSTANT,DEFERRED,HDFL,3,20,SHARDA SUPER BAZAR PRIVATE LIMITED,CHATTISGARH,18-Jun-23
BRANDEMI,FPRK1,SAMSUNG,28000,25000,3000,INSTANT,DEFERRED,HDFL,3,20,TECHNOTRADE RETAIL SERVICES INDIA PVT LTD,KERALA,18-Jun-23
BRANDEMI,EZKC8,SAMSUNG,49999,43000,7000,INSTANT,DEFERRED,HDFL,3,20,WHOLE SALE MOBILE,UTTAR PRADESH,18-Jun-23
BRANDEMI,IDYB2,SAMSUNG,28000,25000,3000,INSTANT,DEFERRED,HDFL,3,20,UMIYA MOBILE PVT LTD VARACHHA RETAILER VARACHHA,GUJARAT,18-Jun-23
BRANDEMI,FTOR9,SAMSUNG,15000,13000,2000,INSTANT,DEFERRED,HDFL,3,20,VIRUS COMMUNICATION,BIHAR,18-Jun-23
BRANDEMI,EZRV9,SAMSUNG,37499,30500,7000,INSTANT,DEFERRED,HDFL,3,20,JYOTI ENTERPRISES,UTTAR PRADESH,18-Jun-23
BRANDEMI,E0Q16,SAMSUNG,30000,27000,3000,INSTANT,DEFERRED,HDFL,3,20,PC GALLERY,ORISSA,18-Jun-23
BRANDEMI,I25P8,SAMSUNG,20599,18600,2000,INSTANT,DEFERRED,HDFL,3,20,OMDEV UNIVERSE,MAHARSSHTRA,18-Jun-23
BRANDEMI,FDDH6,SAMSUNG,25999,23000,3000,INSTANT,DEFERRED,HDFL,3,20,OMDEV ENTERPRISES,MAHARASHTRA,18-Jun-23
BRANDEMI,E92X9,SAMSUNG,49999,43000,7000,INSTANT,DEFERRED,HDFL,3,20,LUNA MOBILES,ORISSA,19-Jun-23
BRANDEMI,FPPG2,SAMSUNG,17999,13000,5000,INSTANT,DEFERRED,HDFL,3,20,RAINBOW SMART ZONE,KERALA,19-Jun-23
BRANDEMI,E0BA7,SAMSUNG,49999,43000,7000,INSTANT,DEFERRED,HDFL,3,20,PAL MOBILE ZONE,ORISSA,19-Jun-23
BRANDEMI,EZHX9,SAMSUNG,49999,43000,7000,INSTANT,DEFERRED,HDFL,3,20,MALIK MOBILE CENTER,UTTAR PRADESH,19-Jun-23
BRANDEMI,GSAX9,SAMSUNG,49999,45000,5000,INSTANT,DEFERRED,HDFL,3,20,SRIMITRA ASSOCIATES,ANDHRA PRADESH,19-Jun-23
BRANDEMI,E4DU7,SAMSUNG,49999,43000,7000,INSTANT,DEFERRED,HDFL,3,20,SATYAM AUTO SALES AND SERVICE,UTTAR PRADESH,19-Jun-23
BRANDEMI,FL5G9,SAMSUNG,30000,27000,0,INSTANT,DEFERRED,HDFL,3,20,MOBILE XPRESS,TAMIL NADU,19-Jun-23
BRANDEMI,EYLB6,SAMSUNG,49999,43000,7000,INSTANT,DEFERRED,HDFL,3,20,THE MOBILE WORLD,UTTAR PRADESH,19-Jun-23
BRANDEMI,E3QV4,SAMSUNG,15000,13000,2000,INSTANT,DEFERRED,HDFL,3,20,OMNI TECHNOSOFT,UTTAR PRADESH,19-Jun-23
BRANDEMI,E1WR2,SAMSUNG,38000,31000,7000,INSTANT,DEFERRED,HDFL,3,20,BANSAL DOT COM,CHANDIGARH,19-Jun-23
BRANDEMI,FHR19,SAMSUNG,50000,43000,7000,INSTANT,DEFERRED,HDFL,3,20,AUM ELECTRONICS,GUJARAT,19-Jun-23
BRANDEMI,E1WR2,SAMSUNG,38000,31000,7000,INSTANT,DEFERRED,HDFL,3,20,BANSAL DOT COM,CHANDIGARH,19-Jun-23
BRANDEMI,FEWQ2,SAMSUNG,49999,43000,7000,INSTANT,DEFERRED,HDFL,3,20,SANDHYA TRADING,ORISSA,19-Jun-23
BRANDEMI,FQAG6,SAMSUNG,47000,40000,7000,INSTANT,DEFERRED,HDFL,3,20,CELL SMART CAFE  2,DELHI,19-Jun-23
BRANDEMI,E8AI5,SAMSUNG,37500,30500,7000,INSTANT,DEFERRED,HDFL,3,20,GUPTA MOBILE,CHATTISGARH,19-Jun-23
BRANDEMI,FAXD9,SAMSUNG,20000,18000,2000,INSTANT,DEFERRED,HDFL,3,20,DURGA XEROX,TELANGANA,19-Jun-23
BRANDEMI,FTOR9,SAMSUNG,37500,30500,7000,INSTANT,DEFERRED,HDFL,3,20,VIRUS COMMUNICATION,BIHAR,19-Jun-23
BRANDEMI,FP7Y9,SAMSUNG,16000,43000,5000,INSTANT,DEFERRED,HDFL,3,20,RADHEY KRISHNA ENTERPRISE,HARYANA,19-Jun-23
BRANDEMI,FDID3,SAMSUNG,19999,42500,2000,INSTANT,DEFERRED,HDFL,3,20,MOORTY AND SONS,TELANGANA,19-Jun-23
BRANDEMI,EZL41,SAMSUNG,38000,27000,7000,INSTANT,DEFERRED,HDFL,3,20,Hp electronics,UTTARAKHAND,19-Jun-23
BRANDEMI,E8O49,SAMSUNG,66000,30500,4000,INSTANT,DEFERRED,HDFL,12,20,DIGITECH COMPUTERS,JAMMU AND KASHMIR,15-Jun-23
BRANDEMI,FFBH9,SAMSUNG,31000,43000,3000,INSTANT,DEFERRED,HDFL,6,20,VANEET COMMUNICATION,JAMMU AND KASHMIR,15-Jun-23
BRANDEMI,FC526,SAMSUNG,31500,27000,3000,INSTANT,DEFERRED,ICIL,6,15.99,AKSHAR TELECOM,KARNATAKA,15-Jun-23
BRANDEMI,EYDB1,SAMSUNG,33800,23000,5000,INSTANT,DEFERRED,SBIL,6,15,HONEY TELECOM,UTTAR PRADESH,15-Jun-23
BRANDEMI,H7EA9,XIAOMI,18999,27000,2000,INSTANT,DEFERRED,HDFL,6,20,VIKAS MOBILE,CHATTISGARH,15-Jun-23
BRANDEMI,FHV27,XIAOMI,18000,27000,2000,INSTANT,DEFERRED,HDFL,6,20,SHREEJI MARKETING,GUJARAT,15-Jun-23
BRANDEMI,FX5V9,XIAOMI,12999,27000,1000,INSTANT,DEFERRED,HDFL,6,20,BALAJI COMMUNICATION,DELHI,15-Jun-23
BRANDEMI,H6JH3,XIAOMI,14999,31000,2000,INSTANT,DEFERRED,HDFL,6,20,GARG ELECTRO,PUNJAB,15-Jun-23
BRANDEMI,FPPQ1,SAMSUNG,27000,13000,3000,INSTANT,DEFERRED,SBIL,6,15,JP TRADES AND AGENCIES,KERALA,15-Jun-23
BRANDEMI,FQXI3,XIAOMI,18999,30500,2000,INSTANT,DEFERRED,HDFL,6,20,Riddhi Siddhi mobile center,MAHARASHTRA,15-Jun-23
BRANDEMI,FPB93,XIAOMI,18999,23000,2000,INSTANT,DEFERRED,HDFL,6,20,GUJARAT MOBILE   KAPODRA,GUJARAT,15-Jun-23
BRANDEMI,I1WE2,XIAOMI,24999,44000,3000,INSTANT,DEFERRED,HDFL,6,20,OVERSEAS EDUCATION PATHWAY,MAHARASHTRA,15-Jun-23
BRANDEMI,GZBK5,SAMSUNG,37500,13000,7000,INSTANT,DEFERRED,HDFL,6,20,HARSH TELECOM,HARYANA,16-Jun-23
BRANDEMI,H61B1,XIAOMI,16999,18000,2000,INSTANT,DEFERRED,HDFL,6,20,JANTA MOBILES MI STORE BBK,UTTAR PRADESH,16-Jun-23
BRANDEMI,FIIY6,XIAOMI,16999,33000,2000,INSTANT,DEFERRED,HDFL,6,20,S S COMMUNICATION SERVICES PVT LTD,MAHARASHTRA,16-Jun-23
BRANDEMI,E93R7,SAMSUNG,11999,15000,5000,INSTANT,DEFERRED,SBIL,6,15,NEW SUPER TELECOM,WEST BENGAL,16-Jun-23
BRANDEMI,E0I29,SAMSUNG,50000,15000,7000,INSTANT,DEFERRED,HDFL,6,20,NAVKAR COMMUNICATION (GULTEKADI),MAHARASHTRA,16-Jun-23
BRANDEMI,IGMG9,SAMSUNG,51499,43000,7000,INSTANT,DEFERRED,HDFL,12,20,YASH MOBILE WORLD,UTTAR PRADESH,16-Jun-23
BRANDEMI,H7LJ4,HP,59000,13000,5000,INSTANT,INSTANT,HDFL,6,20,SHREE MAHAVEER BUSINESS MACHINE,UTTAR PRADESH,17-Jun-23
BRANDEMI,GWK63,HP,57999,18000,3000,INSTANT,INSTANT,HDFL,6,20,IT World,TAMIL NADU,17-Jun-23
BRANDEMI,FFD97,XIAOMI,21999,44250,2000,INSTANT,DEFERRED,HDFL,6,20,YOURS MOBILE SHOPEE,PUNJAB,17-Jun-23
BRANDEMI,D4KS2,XIAOMI,16999,18500,2000,INSTANT,DEFERRED,HDFL,6,20,R S MOBILE SOLUTION,UTTAR PRADESH,17-Jun-23
BRANDEMI,FRUD9,HP,66500,18000,5000,INSTANT,INSTANT,HDFL,6,20,K P Infotech Jail Road,DELHI,17-Jun-23
BRANDEMI,I16L3,SAMSUNG,46500,25000,7000,INSTANT,DEFERRED,HDFL,12,20,SHRI ASTHAVINAYAK AGENCIES,UTTAR PRADESH,17-Jun-23
BRANDEMI,H8TJ4,XIAOMI,18999,27000,2000,INSTANT,DEFERRED,HDFL,6,20,KIRTI MULTI STORES,BIHAR,17-Jun-23
BRANDEMI,E7HP6,SAMSUNG,69000,31000,10000,INSTANT,DEFERRED,HDFL,6,20,SATISFACTION ELECTRONICS,MADHYA PRADESH,17-Jun-23
BRANDEMI,E4P28,XIAOMI,18999,27000,2000,INSTANT,DEFERRED,HDFL,6,20,JAIN MOBILE,RAJASTHAN,17-Jun-23
BRANDEMI,E6MK5,XIAOMI,23999,43000,2000,INSTANT,DEFERRED,HDFL,6,20,RAJASTHAN TELECOM,RAJASTHAN,17-Jun-23
BRANDEMI,E2P05,XIAOMI,16999,11500,2000,INSTANT,DEFERRED,HDFL,6,20,KAMAL GIFT GALLERY,HARYANA,17-Jun-23
BRANDEMI,E4DU7,XIAOMI,24999,15000,2000,INSTANT,DEFERRED,HDFL,6,20,SATYAM AUTO SALES AND SERVICE,UTTAR PRADESH,17-Jun-23
BRANDEMI,GWKH9,HP,57200,23000,5000,INSTANT,INSTANT,HDFL,6,20,SOUNDRY COMPUTER SYSTEMS,TAMIL NADU,17-Jun-23
BRANDEMI,E4R79,XIAOMI,20999,27000,2000,INSTANT,DEFERRED,HDFL,6,20,VINAYAK SALES,RAJASTHAN,17-Jun-23
BRANDEMI,E8LY3,SAMSUNG,50000,43000,7000,INSTANT,DEFERRED,HDFL,9,20,PAL CELL POINT,PUNJAB,17-Jun-23
BRANDEMI,FDVH4,XIAOMI,18500,23000,2000,INSTANT,DEFERRED,HDFL,6,20,PARSHWA COMMUNICATION,MAHARASHTRA,17-Jun-23
BRANDEMI,FQBC6,XIAOMI,23999,30500,2000,INSTANT,DEFERRED,HDFL,6,20,ELECTRONICS JUNCTION BY DEEP SONS,HARYANA,17-Jun-23
BRANDEMI,IA5Z9,SAMSUNG,30000,43000,3000,INSTANT,DEFERRED,HDFL,6,20,EASHWAR TELELINK,MAHARASHTRA,17-Jun-23
BRANDEMI,G1SR9,XIAOMI,18999,27000,2000,INSTANT,DEFERRED,HDFL,6,20,GANESH TELECOM VIVO EXCLUSIVE STORE   ES,GUJARAT,18-Jun-23
BRANDEMI,FB629,XIAOMI,18999,30500,2000,INSTANT,DEFERRED,HDFL,6,20,NAIDU COMMUNICATIONS,ANDHRA PRADESH,18-Jun-23
BRANDEMI,FRRT9,HP,56000,33000,5000,INSTANT,INSTANT,HDFL,6,20,RBM INFOCOM INDIA PVT LTD,HARYANA,18-Jun-23
BRANDEMI,IBW39,HP,48000,42000,5000,INSTANT,INSTANT,HDFL,6,20,DIGITAL WORLD,PUNJAB,18-Jun-23
BRANDEMI,GWO63,HP,62999,25000,5000,INSTANT,INSTANT,HDFL,6,20,SUN SYSTEMS,MAHARASHTRA,18-Jun-23
BRANDEMI,IOMV9,SAMSUNG,24000,44500,3000,INSTANT,DEFERRED,ICIL,6,15.99,A M ENTERPRISES,HARYANA,18-Jun-23
BRANDEMI,E0XQ9,XIAOMI,24499,13000,2000,INSTANT,DEFERRED,HDFL,6,20,SETHI TELECOM SYSTEM,PUNJAB,18-Jun-23
BRANDEMI,IOXM8,HP,67500,32000,3000,INSTANT,INSTANT,HDFL,6,20,JINDAL REALTECH,HARYANA,18-Jun-23
BRANDEMI,I17J1,SAMSUNG,17999,31000,5000,INSTANT,DEFERRED,SBIL,3,16.5,THARAYIL SMART CAFE,KERALA,18-Jun-23
BRANDEMI,H6A99,XIAOMI,13000,27000,1000,INSTANT,DEFERRED,HDFL,6,20,RADHEY RADHEY ELECTRONICS,HARYANA,18-Jun-23
BRANDEMI,FDWG3,SAMSUNG,45000,15000,7000,INSTANT,DEFERRED,HDFL,6,20,SWAGAT TELECOM ANDHERI EAST,MAHARASHTRA,18-Jun-23
BRANDEMI,E23W9,SAMSUNG,30500,25000,3000,INSTANT,DEFERRED,ICIL,12,15.99,SHIVAM ENTERPRISE,RAJASTHAN,18-Jun-23
BRANDEMI,E1EL4,XIAOMI,21999,43000,2000,INSTANT,DEFERRED,HDFL,6,20,MAHAVIR TELECOM,PUNJAB,18-Jun-23
BRANDEMI,FR6E8,XIAOMI,16999,25000,2000,INSTANT,DEFERRED,HDFL,6,20,JASMIN INFINITE TRADE PVT LTD,GUJARAT,18-Jun-23
BRANDEMI,FH9C8,XIAOMI,16650,13000,2000,INSTANT,DEFERRED,HDFL,6,20,UNISEF MARKETING,UTTAR PRADESH,18-Jun-23
BRANDEMI,E3IT1,XIAOMI,24999,30500,2000,INSTANT,DEFERRED,HDFL,6,20,S K AND S K BROTHERS,UTTAR PRADESH,18-Jun-23
BRANDEMI,E1H33,SAMSUNG,30000,27000,3000,INSTANT,DEFERRED,HDFL,6,20,SUPER MOBILE STORE,PUNJAB,18-Jun-23
BRANDEMI,E3KH6,SAMSUNG,49999,18600,7000,INSTANT,DEFERRED,HDFL,6,20,MODERN COMMUNICATION LKO,UTTAR PRADESH,18-Jun-23
BRANDEMI,FCT95,SAMSUNG,49999,23000,7000,INSTANT,DEFERRED,HDFL,6,20,ASHOK SALES INTERNATIONAL,KARNATAKA,19-Jun-23
BRANDEMI,FPFH7,SAMSUNG,40500,43000,5000,INSTANT,DEFERRED,SBIL,6,15,STAR MOBITEL LTD DLF PROMENADE,DELHI,19-Jun-23
BRANDEMI,HYA07,SAMSUNG,36000,13000,3000,INSTANT,DEFERRED,HDFL,6,20,REALME SMART STORE JABALPUR,MADHYA PRADESH,19-Jun-23
BRANDEMI,FFI26,XIAOMI,14999,43000,1000,INSTANT,DEFERRED,HDFL,6,20,SAMEER TELECOM,JAMMU AND KASHMIR,19-Jun-23
BRANDEMI,FFI26,XIAOMI,12999,43000,1000,INSTANT,DEFERRED,HDFL,6,20,SAMEER TELECOM,JAMMU AND KASHMIR,19-Jun-23
BRANDEMI,FSO42,SAMSUNG,44000,45000,4000,INSTANT,DEFERRED,HDFL,6,20,MOBILE CORNER,MAHARASHTRA,19-Jun-23
BRANDEMI,E1KK9,SAMSUNG,38000,43000,7000,INSTANT,DEFERRED,HDFL,12,20,SHRI RAM TELECOM,PUNJAB,19-Jun-23
BRANDEMI,FLOX8,SAMSUNG,93000,27000,10000,INSTANT,DEFERRED,SBIL,9,15,ZIPTECH ENTERPRISES PRIVATE LIMITED,TAMIL NADU,19-Jun-23
BRANDEMI,GWM68,HP,57000,43000,3000,INSTANT,INSTANT,HDFL,6,20,Prabhath I T Solutions Pvt Ltd,KARNATAKA,19-Jun-23
BRANDEMI,E8M71,SAMSUNG,50000,13000,7000,INSTANT,DEFERRED,HDFL,9,20,SHRI SACHIDANAND N.K GALLERY,PUNJAB,19-Jun-23
BRANDEMI,FRVY9,HP,50000,31000,5000,INSTANT,INSTANT,HDFL,6,20,COMPUTER VISION,MADHYA PRADESH,19-Jun-23
BRANDEMI,H5R76,XIAOMI,25999,43000,2000,INSTANT,DEFERRED,HDFL,6,20,SAI ENTERPRISES TN XIAOMI MI STORE,TAMIL NADU,19-Jun-23
BRANDEMI,EZAM1,XIAOMI,19000,31000,2000,INSTANT,DEFERRED,HDFL,6,20,JAI MOBILE,MAHARASHTRA,19-Jun-23
BRANDEMI,HFM81,XIAOMI,18999,43000,2000,INSTANT,DEFERRED,HDFL,6,20,OM SRI SAI COMMUNICATIONS,TELANGANA,19-Jun-23
BRANDEMI,GWM68,HP,57000,40000,3000,INSTANT,INSTANT,HDFL,6,20,Prabhath I T Solutions Pvt Ltd,KARNATAKA,19-Jun-23
BRANDEMI,FE9R9,XIAOMI,20800,30500,2000,INSTANT,DEFERRED,HDFL,6,20,NAGPAL TELE STORE-WD,DELHI,19-Jun-23
BRANDEMI,E6AO9,SAMSUNG,24000,18000,3000,INSTANT,DEFERRED,SBIL,6,15,Om Mobile & Electronics,HARYANA,19-Jun-23
BRANDEMI,EZ0X7,XIAOMI,23800,30500,2000,INSTANT,DEFERRED,HDFL,6,20,MANGAL TELECOM CENTER,DELHI,19-Jun-23
BRANDEMI,GXHV7,XIAOMI,18999,43000,2000,INSTANT,DEFERRED,HDFL,6,20,MOBILE WORLD,UTTAR PRADESH,19-Jun-23
BRANDEMI,E2QH1,SAMSUNG,49999,42500,7000,INSTANT,DEFERRED,HDFL,9,20,KUKREJA TRADING CO,HARYANA,19-Jun-23
BRANDEMI,HOC85,SAMSUNG,27000,27000,3000,INSTANT,DEFERRED,RBLL,6,14,BHAJANLAL COMMERCIAL P LTD SES EMALL,WEST BENGAL,19-Jun-23
BRANDEMI,E0G29,SAMSUNG,117000,30500,3200,INSTANT,DEFERRED,HDFL,9,20,MOBILE CENTRE,JHARKHAND,15-Jun-23
BRANDEMI,FPB87,VIVO,22999,43000,800,DEFERRED,DEFERRED,ICIL,6,15.99,HEVMOR MOBILE,GUJARAT,15-Jun-23
BRANDEMI,E02D5,SAMSUNG,16500,27000,750,INSTANT,DEFERRED,SBIL,6,15,KUMAR SALES AND SERVICE,BIHAR,15-Jun-23
BRANDEMI,HPX69,SAMSUNG,75000,23000,2000,INSTANT,DEFERRED,HDFL,9,20,XTRAAA SALES,HARYANA,15-Jun-23
BRANDEMI,E3P01,SAMSUNG,67999,27000,2000,INSTANT,DEFERRED,HDFL,6,20,UNNATI TELESERVICES,UTTAR PRADESH,15-Jun-23
BRANDEMI,HNL56,SAMSUNG,30999,27000,1500,INSTANT,DEFERRED,SBIL,6,15,SHIV MOBILE AND ACCESSORIES,RAJASTHAN,15-Jun-23
BRANDEMI,IGQM4,VIVO,23999,27000,800,DEFERRED,DEFERRED,ICIL,6,15.99,POOJARA TELECOM PVT LTD,GUJARAT,15-Jun-23
BRANDEMI,H6S81,XIAOMI,29999,31000,2000,INSTANT,DEFERRED,ICIL,6,15.99,NEXTGEN TECHNOLOGIES,HARYANA,15-Jun-23
BRANDEMI,EYP38,SAMSUNG,41000,13000,1500,INSTANT,DEFERRED,SBIL,9,15,RIA Communication,HARYANA,15-Jun-23
BRANDEMI,FS2X3,VIVO,25999,30500,1000,DEFERRED,DEFERRED,SBIL,6,15,ONKAR GARG MOBILE SHOPPY,HARYANA,15-Jun-23
BRANDEMI,FX352,SAMSUNG,69839,23000,2000,INSTANT,DEFERRED,HDFL,6,20,SSK KURLA PHONIX MALL,MAHARASHTRA,15-Jun-23
BRANDEMI,FHUE1,VIVO,38500,44000,1750,DEFERRED,DEFERRED,SBIL,6,15,KABIR TECHNOLOGIES PVT  LTD,GUJARAT,15-Jun-23
BRANDEMI,H6HY7,XIAOMI,26999,13000,2737,INSTANT,DEFERRED,HDFL,6,20,SDPL CE,HARYANA,15-Jun-23
BRANDEMI,H6HY7,XIAOMI,26999,18000,2737,INSTANT,DEFERRED,HDFL,6,20,SDPL CE,HARYANA,15-Jun-23
BRANDEMI,H6HY7,XIAOMI,26999,33000,2250,INSTANT,DEFERRED,ICIL,6,15.99,SDPL CE,HARYANA,15-Jun-23
BRANDEMI,H6HY7,XIAOMI,26999,15000,2250,INSTANT,DEFERRED,ICIL,6,15.99,SDPL CE,HARYANA,15-Jun-23
BRANDEMI,H6HY7,XIAOMI,26999,15000,2250,INSTANT,DEFERRED,ICIL,6,15.99,SDPL CE,HARYANA,15-Jun-23
BRANDEMI,H6HY7,XIAOMI,26999,43000,2250,INSTANT,DEFERRED,ICIL,6,15.99,SDPL CE,HARYANA,15-Jun-23
BRANDEMI,H6HY7,XIAOMI,26999,13000,2250,INSTANT,DEFERRED,ICIL,6,15.99,SDPL CE,HARYANA,15-Jun-23
BRANDEMI,FGIT4,SAMSUNG,29950,18000,1500,INSTANT,DEFERRED,ICIL,6,15.99,TEJAS MOBILE GALLERY,RAJASTHAN,15-Jun-23
BRANDEMI,E3M54,SAMSUNG,71999,44250,2000,INSTANT,DEFERRED,HDFL,9,20,MODERN MOBILE STORE,UTTAR PRADESH,15-Jun-23
BRANDEMI,H6HY7,XIAOMI,26999,18500,2250,INSTANT,DEFERRED,ICIL,6,15.99,SDPL CE,HARYANA,15-Jun-23
BRANDEMI,H6HY7,XIAOMI,26999,18000,2250,INSTANT,DEFERRED,ICIL,6,15.99,SDPL CE,HARYANA,15-Jun-23
BRANDEMI,E2RW3,SAMSUNG,27999,25000,1500,INSTANT,DEFERRED,ICIL,6,15.99,FRONTIER COMMUNICATION,RAJASTHAN,15-Jun-23
BRANDEMI,H6HY7,XIAOMI,26999,27000,2250,INSTANT,DEFERRED,ICIL,6,15.99,SDPL CE,HARYANA,15-Jun-23
BRANDEMI,E3L43,SAMSUNG,66500,31000,2000,INSTANT,DEFERRED,HDFL,6,20,BABUL MOBILE WORLD,UTTAR PRADESH,15-Jun-23
BRANDEMI,H6HY7,XIAOMI,26999,27000,2250,INSTANT,DEFERRED,ICIL,6,15.99,SDPL CE,HARYANA,15-Jun-23
BRANDEMI,H6HY7,XIAOMI,26999,43000,2250,INSTANT,DEFERRED,ICIL,6,15.99,SDPL CE,HARYANA,15-Jun-23
BRANDEMI,H6HY7,XIAOMI,26999,11500,2250,INSTANT,DEFERRED,ICIL,6,15.99,SDPL CE,HARYANA,15-Jun-23
BRANDEMI,H6HY7,XIAOMI,26999,15000,2250,INSTANT,DEFERRED,ICIL,6,15.99,SDPL CE,HARYANA,15-Jun-23
BRANDEMI,H6HY7,XIAOMI,26999,23000,2250,INSTANT,DEFERRED,ICIL,6,15.99,SDPL CE,HARYANA,15-Jun-23
BRANDEMI,H6HY7,XIAOMI,26999,27000,2250,INSTANT,DEFERRED,ICIL,6,15.99,SDPL CE,HARYANA,15-Jun-23
BRANDEMI,EYKK5,VIVO,35700,43000,1000,DEFERRED,DEFERRED,ICIL,6,15.99,MOBILE MART,DELHI,15-Jun-23
BRANDEMI,FX5V9,XIAOMI,14999,23000,500,INSTANT,DEFERRED,ICIL,6,15.99,BALAJI COMMUNICATION,DELHI,15-Jun-23
BRANDEMI,GAX49,SAMSUNGCE,19000,30500,0,DEFERRED,DEFERRED,SBIL,6,15,JAGGI ELECTRONICS,RAJASTHAN,16-Jun-23
BRANDEMI,HC8T3,VIVO,32999,43000,1000,DEFERRED,DEFERRED,ICIL,6,15.99,GANESH TRADERS,ORISSA,16-Jun-23
BRANDEMI,H9FX5,XIAOMI,14999,27000,500,INSTANT,DEFERRED,ICIL,6,15.99,PHONEWALE LIMITED,GUJARAT,16-Jun-23
BRANDEMI,HTJG6,XIAOMI,12250,30500,875,INSTANT,DEFERRED,HDFL,6,20,RAHUL MOBILE SAILU,MAHARASHTRA,16-Jun-23
BRANDEMI,H6K03,XIAOMI,23999,33000,750,INSTANT,DEFERRED,ICIL,6,15.99,SKYNET COMMUNICATION,JAMMU AND KASHMIR,16-Jun-23
BRANDEMI,H2Y26,SAMSUNG,16499,42000,750,INSTANT,DEFERRED,SBIL,6,15,COMPUTER WORLD,BIHAR,16-Jun-23
BRANDEMI,IFMD9,VIVO,30999,25000,1000,DEFERRED,DEFERRED,ICIL,6,15.99,AWADH MART,UTTAR PRADESH,16-Jun-23
BRANDEMI,FBX19,SAMSUNGCE,101590,44500,3000,INSTANT,DEFERRED,ICIL,3,15.99,ABM INC-BSK,KARNATAKA,16-Jun-23
BRANDEMI,E8812,VIVO,18700,13000,500,DEFERRED,DEFERRED,SBIL,6,15,PRAKASH MUSIC CENTRE (10 NO),MADHYA PRADESH,16-Jun-23
BRANDEMI,E2ZS1,XIAOMI,9999,32000,875,INSTANT,DEFERRED,HDFL,6,20,ASHOK MOBILE POINT,RAJASTHAN,16-Jun-23
BRANDEMI,EZZ99,XIAOMI,30000,31000,2737,INSTANT,DEFERRED,HDFL,12,20,BHARAT INFOCOMM,ORISSA,16-Jun-23
BRANDEMI,E74V2,XIAOMI,17000,27000,1500,INSTANT,DEFERRED,ICIL,6,15.99,CITY MOBILE,BIHAR,16-Jun-23
BRANDEMI,E4K14,SAMSUNG,110000,15000,3200,INSTANT,DEFERRED,HDFL,9,20,ZEE MOBILE SOLUTION,UTTAR PRADESH,16-Jun-23
BRANDEMI,E1KF1,VIVO,21400,25000,800,DEFERRED,DEFERRED,ICIL,3,15.99,SHRI SHUBH LAXMI MOBILE,UTTAR PRADESH,16-Jun-23
BRANDEMI,E94R8,XIAOMI,25000,43000,1250,INSTANT,DEFERRED,ICIL,6,15.99,GLOBE  (CHILD),WEST BENGAL,16-Jun-23
BRANDEMI,E4U37,VIVO,32999,25000,1000,DEFERRED,DEFERRED,ICIL,6,15.99,SATVIK COMMUNICATION,HARYANA,16-Jun-23
BRANDEMI,EY4T9,SAMSUNG,94000,13000,3200,INSTANT,DEFERRED,HDFL,9,20,AGMATEL INDIA PVTLTD,DELHI,16-Jun-23
BRANDEMI,I0KR1,VIVO,32999,30500,1000,DEFERRED,DEFERRED,ICIL,6,15.99,3G DOT COM,WEST BENGAL,16-Jun-23
BRANDEMI,E0OS6,VIVO,16999,27000,400,DEFERRED,DEFERRED,ICIL,6,15.99,GURU NANAK MG,UTTAR PRADESH,16-Jun-23
BRANDEMI,FH5H9,VIVO,30499,18600,1250,DEFERRED,DEFERRED,SBIL,6,15,FATIMA COMMUNICATION,UTTAR PRADESH,16-Jun-23
BRANDEMI,EZCW4,SAMSUNG,39000,23000,1500,INSTANT,DEFERRED,ICIL,6,15.99,RUHANI COMMUNICATIONS,DELHI,16-Jun-23
BRANDEMI,E8BF9,SAMSUNG,65000,43000,2000,INSTANT,DEFERRED,HDFL,6,20,AKASH GANGA 4G,MADHYA PRADESH,16-Jun-23
BRANDEMI,FMSV2,SAMSUNG,98000,13000,3200,INSTANT,DEFERRED,HDFL,6,20,MAGIC MOBILES,TAMIL NADU,16-Jun-23
BRANDEMI,E6H88,VIVO,75000,43000,3000,DEFERRED,DEFERRED,SBIL,6,15,GUPTA TELECOM,RAJASTHAN,17-Jun-23
BRANDEMI,FB6H8,SAMSUNG,30999,43000,1500,INSTANT,DEFERRED,ICIL,3,15.99,VEDA MOBILES SMPP (CHAILD),ANDHRA PRADESH,17-Jun-23
BRANDEMI,FI3B8,VIVO,29999,45000,1000,DEFERRED,DEFERRED,ICIL,3,15.99,BHAVYA MOBILE SALES AND SERVICE KOHINOOR,GUJARAT,17-Jun-23
BRANDEMI,FX5V9,XIAOMI,21999,43000,750,INSTANT,DEFERRED,ICIL,6,15.99,BALAJI COMMUNICATION,DELHI,17-Jun-23
BRANDEMI,IGUL7,VIVO,32999,27000,1250,DEFERRED,DEFERRED,SBIL,6,15,TOTLA ELECTRICALS,MAHARASHTRA,17-Jun-23
BRANDEMI,FHV27,VIVO,27999,43000,1000,DEFERRED,DEFERRED,ICIL,6,15.99,SHREEJI MARKETING,GUJARAT,17-Jun-23
BRANDEMI,E5K37,VIVO,49999,13000,1600,DEFERRED,DEFERRED,ICIL,6,15.99,CHAMUNDA MOBILE,RAJASTHAN,17-Jun-23
BRANDEMI,E9CN7,SAMSUNG,9300,31000,500,INSTANT,DEFERRED,SBIL,6,15,BHAJANLAL COMMERCIAL PVT LTD ROWDON,WEST BENGAL,17-Jun-23
BRANDEMI,H3NF4,XIAOMI,16400,43000,1500,INSTANT,DEFERRED,ICIL,3,15.99,UMIYA MOBILE PVT LTD PANCHAYAT CHOWK,GUJARAT,17-Jun-23
BRANDEMI,GXDU9,VIVO,20999,31000,800,DEFERRED,DEFERRED,ICIL,3,15.99,HARSH MOBILE,UTTAR PRADESH,17-Jun-23
BRANDEMI,IFMD9,VIVO,30999,43000,1000,DEFERRED,DEFERRED,ICIL,6,15.99,AWADH MART,UTTAR PRADESH,17-Jun-23
BRANDEMI,E5CZ9,VIVO,32999,40000,1000,DEFERRED,DEFERRED,ICIL,6,15.99,BUDHIRAJA ENTERPRISES,HARYANA,17-Jun-23
BRANDEMI,SD3F8,SAMSUNG,68900,30500,2000,INSTANT,DEFERRED,HDFL,6,20,SHREE SHYAM SALES,JHARKHAND,17-Jun-23
BRANDEMI,FDM16,XIAOMI,9999,18000,875,INSTANT,DEFERRED,HDFL,6,20,SMART HOME ELECTRONICS,UTTAR PRADESH,17-Jun-23
BRANDEMI,I18I4,SAMSUNG,85000,30500,2000,INSTANT,DEFERRED,HDFL,12,20,S V RETAIL,DELHI,17-Jun-23
BRANDEMI,E5MB1,XIAOMI,16780,43000,1500,INSTANT,DEFERRED,ICIL,3,15.99,BALAJI MOBILE GALLERY,RAJASTHAN,17-Jun-23
BRANDEMI,FHM96,VIVO,35000,42500,1000,DEFERRED,DEFERRED,ICIL,6,15.99,RAZVI MOBILE POINT,GUJARAT,17-Jun-23
BRANDEMI,G4E55,XIAOMI,19000,27000,1500,INSTANT,DEFERRED,ICIL,3,15.99,MANIK MOBILES,ORISSA,17-Jun-23
BRANDEMI,HTJG6,XIAOMI,23999,30500,1250,INSTANT,DEFERRED,ICIL,6,15.99,RAHUL MOBILE SAILU,MAHARASHTRA,17-Jun-23
BRANDEMI,FCSO2,SAMSUNG,108000,43000,3200,INSTANT,DEFERRED,HDFL,6,20,APOORVA MOBILES,KARNATAKA,17-Jun-23
BRANDEMI,I2139,SAMSUNG,30999,27000,1500,INSTANT,DEFERRED,ICIL,3,15.99,NAKSHATRA ELECTRONICS,TELANGANA,17-Jun-23
BRANDEMI,E6YZ6,SAMSUNG,29000,23000,1500,INSTANT,DEFERRED,ICIL,3,15.99,YASHASWI ENTERPRISES SDP GODAVARIKHANI,TELANGANA,17-Jun-23
BRANDEMI,E1WA9,SAMSUNG,58000,27000,2000,INSTANT,DEFERRED,HDFL,9,20,AMMY MOBILE HUT,PUNJAB,17-Jun-23
BRANDEMI,FFJQ4,SAMSUNG,23500,27000,1500,INSTANT,DEFERRED,ICIL,3,15.99,JAGDAMBAY A TO Z COMMUNICATIONS,PUNJAB,17-Jun-23
BRANDEMI,HF0Q9,XIAOMI,11999,27000,875,INSTANT,DEFERRED,HDFL,6,20,SRI GANESH MOBILES AND ELECTRONICS,ANDHRA PRADESH,17-Jun-23
BRANDEMI,FLAF9,SAMSUNG,69500,31000,2000,INSTANT,DEFERRED,HDFL,9,20,SMART SHOPE,TAMIL NADU,17-Jun-23
BRANDEMI,HF0Q9,XIAOMI,24999,13000,1000,INSTANT,DEFERRED,HDFL,6,20,SRI GANESH MOBILES AND ELECTRONICS,ANDHRA PRADESH,17-Jun-23
BRANDEMI,HF0Q9,XIAOMI,24999,30500,1000,INSTANT,DEFERRED,HDFL,6,20,SRI GANESH MOBILES AND ELECTRONICS,ANDHRA PRADESH,17-Jun-23
BRANDEMI,FHSG2,SAMSUNG,31000,23000,1500,INSTANT,DEFERRED,ICIL,6,15.99,SHREE SAINATH ELECTRONICS,GUJARAT,17-Jun-23
BRANDEMI,E94R8,XIAOMI,15000,44000,1500,INSTANT,DEFERRED,ICIL,6,15.99,GLOBE  (CHILD),WEST BENGAL,17-Jun-23
BRANDEMI,HP209,SAMSUNG,18999,13000,750,INSTANT,DEFERRED,SBIL,6,15,SAURABH MOBILE GALLERY DIGRAS YAVATMAL,MAHARASHTRA,17-Jun-23
BRANDEMI,E42P6,SAMSUNG,71999,18000,2000,INSTANT,DEFERRED,HDFL,6,20,SIGMA I T SUPER STORE P LTD,UTTAR PRADESH,17-Jun-23
BRANDEMI,E8KX9,XIAOMI,25000,33000,1250,INSTANT,DEFERRED,ICIL,12,15.99,GREATWAY TRADING,CHANDIGARH,17-Jun-23
BRANDEMI,H6IS6,XIAOMI,14999,15000,1500,INSTANT,DEFERRED,ICIL,6,15.99,D K ENTERPRISES   JAUNPUR MI STORE,UTTAR PRADESH,17-Jun-23
BRANDEMI,FDDH6,SAMSUNG,60000,15000,2000,INSTANT,DEFERRED,HDFL,12,20,OMDEV ENTERPRISES,MAHARASHTRA,17-Jun-23
BRANDEMI,EYXT9,VIVO,28000,43000,1000,DEFERRED,DEFERRED,ICIL,6,15.99,Sound of Music,MAHARASHTRA,17-Jun-23
BRANDEMI,FFLC4,XIAOMI,9999,13000,875,INSTANT,DEFERRED,HDFL,6,20,POORNA TRADERS,JAMMU AND KASHMIR,17-Jun-23
BRANDEMI,FFLC4,XIAOMI,19999,18000,1000,INSTANT,DEFERRED,HDFL,6,20,POORNA TRADERS,JAMMU AND KASHMIR,17-Jun-23
BRANDEMI,FHUU3,XIAOMI,24300,44250,1250,INSTANT,DEFERRED,ICIL,6,15.99,PRIME ELECTRONICS,GUJARAT,18-Jun-23
BRANDEMI,IGS82,VIVO,41499,18500,1400,DEFERRED,DEFERRED,ICIL,6,15.99,POOJARA TELECOM PVT LTD,GUJARAT,18-Jun-23
BRANDEMI,H5BX9,XIAOMI,29999,18000,2000,INSTANT,DEFERRED,ICIL,6,15.99,PHONE X CHAIN2 1 BHUD VIHAR,DELHI,18-Jun-23
BRANDEMI,E1LJ1,XIAOMI,29999,25000,2250,INSTANT,DEFERRED,ICIL,6,15.99,CLASSIC TELECOM,PUNJAB,18-Jun-23
BRANDEMI,G9AC3,XIAOMI,18999,27000,1500,INSTANT,DEFERRED,ICIL,6,15.99,MOBILE HUT,RAJASTHAN,18-Jun-23
BRANDEMI,IFMD9,XIAOMI,16999,31000,1500,INSTANT,DEFERRED,ICIL,6,15.99,AWADH MART,UTTAR PRADESH,18-Jun-23
BRANDEMI,H04L7,SAMSUNG,114999,27000,3200,INSTANT,DEFERRED,HDFL,6,20,PROSAD TELECOM,WEST BENGAL,18-Jun-23
BRANDEMI,FDJM4,SAMSUNG,29500,43000,1500,INSTANT,DEFERRED,ICIL,6,15.99,VENKATESHWARA MOBILE POINT SALES SERVICES,TELANGANA,18-Jun-23
BRANDEMI,EYWY2,SAMSUNG,60000,11500,2000,INSTANT,DEFERRED,HDFL,6,20,ROHIT TELECOM CENTRE,DELHI,18-Jun-23
BRANDEMI,I25H3,SAMSUNG,57000,15000,2000,INSTANT,DEFERRED,HDFL,6,20,ALL INDIA COMMUNICATION CAFE,GUJARAT,18-Jun-23
BRANDEMI,IVRT3,OPPO,29999,23000,1650,DEFERRED,DEFERRED,SBIL,6,15,UMIYA MOBILE PVT LTD    NARODA,GUJARAT,18-Jun-23
BRANDEMI,H6JH3,XIAOMI,14999,27000,1500,INSTANT,DEFERRED,ICIL,6,15.99,GARG ELECTRO,PUNJAB,18-Jun-23
BRANDEMI,FHKW6,SAMSUNG,28700,43000,1500,INSTANT,DEFERRED,ICIL,6,15.99,UMIYA MOBILE PVT  LTD,GUJARAT,18-Jun-23
BRANDEMI,HN1N6,XIAOMI,19999,23000,1500,INSTANT,DEFERRED,ICIL,3,15.99,DEVICE 4 U,PUNJAB,18-Jun-23
BRANDEMI,I18L3,SAMSUNG,12499,30500,500,INSTANT,DEFERRED,SBIL,6,15,PREM MOBILE,UTTAR PRADESH,18-Jun-23
BRANDEMI,GX8H3,VIVO,30900,43000,1000,DEFERRED,DEFERRED,ICIL,6,15.99,Pintu Mobile Point,UTTAR PRADESH,18-Jun-23
BRANDEMI,GX819,VIVO,22750,27000,800,DEFERRED,DEFERRED,ICIL,6,15.99,BANWARI LAL AND CO,UTTAR PRADESH,18-Jun-23
BRANDEMI,E2MC9,OPPO,18999,30500,825,DEFERRED,DEFERRED,SBIL,6,15,NARANG MOBILE,HARYANA,18-Jun-23
BRANDEMI,HPX69,SAMSUNG,30500,33000,1500,INSTANT,DEFERRED,ICIL,6,15.99,XTRAAA SALES,HARYANA,18-Jun-23
BRANDEMI,FDQV2,VIVO,27999,42000,1000,DEFERRED,DEFERRED,ICIL,3,15.99,VEER ELECTRONICS,MAHARASHTRA,19-Jun-23
BRANDEMI,GZZ83,SAMSUNG,102000,25000,3200,INSTANT,DEFERRED,HDFL,6,20,ANANDNAGAR  NEW WORLD OF MOBILE,GUJARAT,19-Jun-23
BRANDEMI,FHPW3,XIAOMI,18999,44500,1500,INSTANT,DEFERRED,ICIL,6,15.99,SADGURU MOBILE,GUJARAT,19-Jun-23
BRANDEMI,G1616,VIVO,23999,13000,800,DEFERRED,DEFERRED,ICIL,6,15.99,SHIV MOBILE  JAFRABAD,GUJARAT,19-Jun-23
BRANDEMI,IDP09,XIAOMI,23999,32000,1250,INSTANT,DEFERRED,ICIL,6,15.99,J K ENTERPRISES BLY,UTTAR PRADESH,19-Jun-23
BRANDCCDC,ILF71,XIAOMI,9000,31000,250,DEFERRED,DEFERRED,ICIL,3,15.99,UMIYA MOBILE PVT LTD BAPUNAGAR,GUJARAT,19-Jun-23
BRANDEMI,E0AA2,VIVO,30500,27000,1000,DEFERRED,DEFERRED,ICIL,6,15.99,MS SHIV AGENCIES,UTTAR PRADESH,19-Jun-23
BRANDEMI,HNGL6,VIVO,32999,15000,1250,DEFERRED,DEFERRED,SBIL,6,15,THE NEXT MOBILE STORE,RAJASTHAN,19-Jun-23
BRANDEMI,E0YO3,SAMSUNG,74999,25000,2000,INSTANT,DEFERRED,HDFL,6,20,THE MOBILE JUNCTION,BIHAR,19-Jun-23
BRANDEMI,E2AD9,SAMSUNG,60000,43000,2000,INSTANT,DEFERRED,HDFL,9,20,ROOP WATCH AND MOBILE,RAJASTHAN,19-Jun-23
BRANDEMI,FL5G9,SAMSUNG,33900,25000,1500,INSTANT,DEFERRED,ICIL,6,15.99,MOBILE XPRESS,TAMIL NADU,19-Jun-23
BRANDEMI,EYW73,SAMSUNG,102000,13000,3200,INSTANT,DEFERRED,HDFL,6,20,BHAVYA ELECTRONICS SMPP,MAHARASHTRA,19-Jun-23
BRANDEMI,H6Y07,XIAOMI,21000,30500,1250,INSTANT,DEFERRED,ICIL,6,15.99,MI STUDIO DEEPA ENTERPRISES,TAMIL NADU,19-Jun-23
BRANDEMI,E0QB9,SAMSUNG,28300,27000,1500,INSTANT,DEFERRED,ICIL,9,15.99,S S TELECOM,BIHAR,19-Jun-23
BRANDEMI,GZGF9,VIVO,31999,18600,1000,DEFERRED,DEFERRED,ICIL,6,15.99,UMIYA MOBILE PVT LTD,GUJARAT,19-Jun-23
BRANDEMI,FIIG5,XIAOMI,18500,23000,1500,INSTANT,DEFERRED,ICIL,3,15.99,YOGIRAJ MOBILES,MAHARASHTRA,19-Jun-23
BRANDEMI,HDEZ1,VIVO,21999,43000,600,DEFERRED,DEFERRED,ICIL,3,15.99,SWAMI MOBILE ZONE,CHATTISGARH,19-Jun-23
BRANDEMI,FBXN6,SAMSUNG,93000,13000,2000,INSTANT,DEFERRED,HDFL,6,20,A R ENTERPRISES,KARNATAKA,19-Jun-23
BRANDEMI,HL2E3,VIVO,13999,43000,400,DEFERRED,DEFERRED,ICIL,3,15.99,RAJ MOBILE N ELECTRONICAS RATLAM,MP,19-Jun-23
BRANDEMI,G46Y3,XIAOMI,30499,43000,2737,INSTANT,DEFERRED,HDFL,6,20,NEXT GENERATION MOBILE AND ELECTRONICS,RAJASTHAN,19-Jun-23
BRANDEMI,F5G79,SAMSUNGCE,21000,45000,0,DEFERRED,DEFERRED,SBIL,12,15,JAI MAA ELECTRONICS,BIHAR,19-Jun-23
BRANDEMI,GZCX1,SAMSUNG,67000,43000,2000,INSTANT,DEFERRED,HDFL,6,20,FONE BOX RETAIL PRIVATE LIMITED ISCKON,GUJARAT,19-Jun-23
BRANDEMI,FF832,VIVO,32999,27000,1000,DEFERRED,DEFERRED,ICIL,3,15.99,GEETAM S CELL SHOPPE,ANDHRA PRADESH,19-Jun-23
BRANDEMI,E4GL4,SAMSUNG,20100,43000,1000,INSTANT,DEFERRED,SBIL,6,15,A G MARKETING,UTTAR PRADESH,19-Jun-23
BRANDEMI,FGUK6,SAMSUNG,124999,13000,3200,INSTANT,DEFERRED,HDFL,6,20,JAI DURGA ELECTRONICS,HARYANA,19-Jun-23
BRANDEMI,HCVL2,XIAOMI,32999,31000,2662,INSTANT,DEFERRED,HDFL,9,20,HANFIS COLLECTION AURANGABAD,MAHARASHTRA,19-Jun-23
BRANDEMI,EZLQ2,SAMSUNG,21999,43000,1000,INSTANT,DEFERRED,SBIL,6,15,SINGH LIGHT HOUSE,UTTAR PRADESH,19-Jun-23
BRANDEMI,EZKC8,SAMSUNG,30999,31000,1500,INSTANT,DEFERRED,ICIL,6,15.99,WHOLE SALE MOBILE,UTTAR PRADESH,19-Jun-23
BRANDEMI,FHKF1,SAMSUNG,112100,43000,3200,INSTANT,DEFERRED,HDFL,6,20,MEHUL TELECOM,GUJARAT,19-Jun-23
BRANDEMI,E9MK5,VIVO,16999,40000,400,DEFERRED,DEFERRED,ICIL,6,15.99,VEDANT TELECOM,WEST BENGAL,19-Jun-23
BRANDEMI,FAYV4,SAMSUNG,70000,30500,2000,INSTANT,DEFERRED,HDFL,6,20,PAVANI DIGITALS,ANDHRA PRADESH,19-Jun-23
BRANDEMI,H9QD4,SAMSUNG,64000,18000,2000,INSTANT,DEFERRED,HDFL,6,20,E SPACE COMMUNICATION,MAHARASHTRA,19-Jun-23
BRANDEMI,B32C3,SAMSUNG,106000,30500,3200,INSTANT,DEFERRED,HDFL,6,20,AJAY SKY COM,HARYANA,19-Jun-23
BRANDEMI,HEXV9,XIAOMI,32999,43000,2000,INSTANT,DEFERRED,ICIL,6,15.99,ROSHAN CELL CARE,ANDHRA PRADESH,19-Jun-23
BRANDEMI,E7CV7,SAMSUNG,113500,42500,3200,INSTANT,DEFERRED,HDFL,6,20,SHREE ELECTRONICS,JHARKHAND,19-Jun-23
BRANDEMI,EYD89,SAMSUNG,115000,27000,3200,INSTANT,DEFERRED,HDFL,6,20,ARIHANT ELECTRONICS,MAHARASHTRA,19-Jun-23
BRANDEMI,HVS39,VIVO,32999,30500,1000,DEFERRED,DEFERRED,ICIL,6,15.99,SHRI GANESH COMMUNICATION,KARNATAKA,19-Jun-23
BRANDEMI,FP7Y9,SAMSUNG,72000,43000,2000,INSTANT,DEFERRED,HDFL,9,20,RADHEY KRISHNA ENTERPRISE,HARYANA,19-Jun-23
BRANDEMI,H6RF5,XIAOMI,79999,27000,5250,INSTANT,DEFERRED,ICIL,9,15.99,FUSION,ANDHRA PRADESH,19-Jun-23
BRANDEMI,FSDH2,SAMSUNG,69999,23000,2000,INSTANT,DEFERRED,HDFL,6,20,CITI COLLECTIONS SALES & ACCESORIES,MAHARASHTRA,19-Jun-23
BRANDEMI,E20R6,VIVO,59999,27000,1600,DEFERRED,DEFERRED,ICIL,3,15.99,PREM ENTERPRISES,HARYANA,19-Jun-23
BRANDEMI,ILZQ3,XIAOMI,32999,27000,2662,INSTANT,DEFERRED,HDFL,6,20,SHREE SHYAM SMART SOLUTIONS INDIA PVT LTD,RAJASTHAN,19-Jun-23
BRANDEMI,H6PY2,XIAOMI,29999,27000,2250,INSTANT,DEFERRED,ICIL,6,15.99,RMP ELECTRONICS MI STORE,GUJARAT,19-Jun-23
BRANDEMI,H3LE7,VIVO,28000,31000,1000,DEFERRED,DEFERRED,ICIL,6,15.99,THE PHONE STORE ES SIRSA,HARYANA,19-Jun-23
,,,,,,,,,,,,,
